what,kind,bundleId,bundleVersion,description,time
started,bundle,org.eclipse.ui.workbench.texteditor,3.7.0.v20110928-1504,"org.eclipse.ui.workbench.texteditor",1365274989550
started,bundle,org.eclipse.update.configurator,3.3.100.v20100512,"org.eclipse.update.configurator",1365274989550
started,bundle,org.eclipse.update.core,3.2.500.v20110330,"org.eclipse.update.core",1365274989550
started,bundle,org.eclipse.update.scheduler,3.2.300.v20100512,"org.eclipse.update.scheduler",1365274989550
started,bundle,org.eclipse.wst.common.core,1.2.0.v200908252030,"org.eclipse.wst.common.core",1365274989550
started,bundle,org.eclipse.wst.common.emf,1.2.100.v201101101900,"org.eclipse.wst.common.emf",1365274989550
started,bundle,org.eclipse.wst.common.emfworkbench.integration,1.2.101.v201107140600,"org.eclipse.wst.common.emfworkbench.integration",1365274989550
started,bundle,org.eclipse.wst.common.frameworks,1.2.102.v201201190400,"org.eclipse.wst.common.frameworks",1365274989550
started,bundle,org.eclipse.wst.common.frameworks.ui,1.2.100.v201105122000,"org.eclipse.wst.common.frameworks.ui",1365274989550
started,bundle,org.eclipse.wst.common.modulecore,1.2.103.v201201190400,"org.eclipse.wst.common.modulecore",1365274989550
started,bundle,org.eclipse.wst.common.project.facet.core,1.4.201.v201201101553,"org.eclipse.wst.common.project.facet.core",1365274989550
started,bundle,org.eclipse.wst.common.ui,1.1.500.v200911190730,"org.eclipse.wst.common.ui",1365274989550
started,bundle,org.eclipse.wst.common.uriresolver,1.1.401.v201004280700,"org.eclipse.wst.common.uriresolver",1365274989550
started,bundle,org.eclipse.wst.css.core,1.1.501.v201111292150,"org.eclipse.wst.css.core",1365274989550
started,bundle,org.eclipse.wst.css.ui,1.0.601.v201201101544,"org.eclipse.wst.css.ui",1365274989550
started,bundle,org.eclipse.wst.dtd.ui,1.0.600.v201103171359,"org.eclipse.wst.dtd.ui",1365274989550
started,bundle,org.eclipse.wst.html.core,1.1.502.v201202091936,"org.eclipse.wst.html.core",1365274989550
started,bundle,org.eclipse.wst.html.ui,1.0.602.v201202091936,"org.eclipse.wst.html.ui",1365274989550
started,bundle,org.eclipse.wst.jsdt.core,1.1.102.v201111090634,"org.eclipse.wst.jsdt.core",1365274989550
started,bundle,org.eclipse.wst.jsdt.debug.ui,1.0.101.v201201112313,"org.eclipse.wst.jsdt.debug.ui",1365274989550
started,bundle,org.eclipse.wst.jsdt.manipulation,1.0.300.v201104272153,"org.eclipse.wst.jsdt.manipulation",1365274989550
started,bundle,org.eclipse.wst.jsdt.ui,1.1.102.v201201131900,"org.eclipse.wst.jsdt.ui",1365274989550
started,bundle,org.eclipse.wst.jsdt.web.core,1.0.401.v201108152113,"org.eclipse.wst.jsdt.web.core",1365274989550
started,bundle,org.eclipse.wst.jsdt.web.support.jsp,1.0.400.v201102241833,"org.eclipse.wst.jsdt.web.support.jsp",1365274989550
started,bundle,org.eclipse.wst.jsdt.web.ui,1.0.401.v201108152113,"org.eclipse.wst.jsdt.web.ui",1365274989550
started,bundle,org.eclipse.wst.server.core,1.1.304.v20120208_1420,"org.eclipse.wst.server.core",1365274989550
started,bundle,org.eclipse.wst.server.ui,1.3.0.v20120210_1439,"org.eclipse.wst.server.ui",1365274989550
started,bundle,org.eclipse.wst.sse.core,1.1.602.v201112071516,"org.eclipse.wst.sse.core",1365274989550
started,bundle,org.eclipse.wst.sse.ui,1.3.2.v201201041522,"org.eclipse.wst.sse.ui",1365274989550
started,bundle,org.eclipse.wst.validation,1.2.303.v201202090300,"org.eclipse.wst.validation",1365274989550
started,bundle,org.eclipse.wst.web,1.1.501.v201201190400,"org.eclipse.wst.web",1365274989550
started,bundle,org.eclipse.wst.xml.core,1.1.602.v201201091944,"org.eclipse.wst.xml.core",1365274989550
started,bundle,org.eclipse.wst.xml.ui,1.1.202.v201112071516,"org.eclipse.wst.xml.ui",1365274989550
started,bundle,org.eclipse.equinox.weaving.aspectj,1.0.0.v20100503,"org.eclipse.equinox.weaving.aspectj",1365274989550
started,bundle,org.scala-ide.sdt.aspects,2.0.2.v-2_09-201207120929-81d0972,"org.scala-ide.sdt.aspects",1365274989550
started,bundle,org.scala-ide.sdt.core,2.0.2.v-2_09-201207120929-81d0972,"org.scala-ide.sdt.core",1365274989550
started,bundle,org.eclipse.jdt.apt.core,3.3.500.v20110420-1015,"org.eclipse.jdt.apt.core",1365274989559
os,sysinfo,,,"linux",1365274989562
arch,sysinfo,,,"x86",1365274989563
ws,sysinfo,,,"gtk",1365274989563
locale,sysinfo,,,"en_US",1365274989563
processors,sysinfo,,,"4",1365274989564
java.runtime.name,sysinfo,,,"Java(TM) SE Runtime Environment",1365274989564
java.runtime.version,sysinfo,,,"1.7.0_17-b02",1365274989564
java.specification.name,sysinfo,,,"Java Platform API Specification",1365274989564
java.specification.vendor,sysinfo,,,"Oracle Corporation",1365274989564
java.specification.version,sysinfo,,,"1.7",1365274989564
java.vendor,sysinfo,,,"Oracle Corporation",1365274989564
java.version,sysinfo,,,"1.7.0_17",1365274989564
java.vm.info,sysinfo,,,"mixed mode",1365274989564
java.vm.name,sysinfo,,,"Java HotSpot(TM) Client VM",1365274989564
java.vm.specification.name,sysinfo,,,"Java Virtual Machine Specification",1365274989564
java.vm.specification.vendor,sysinfo,,,"Oracle Corporation",1365274989564
java.vm.specification.version,sysinfo,,,"1.7",1365274989564
java.vm.vendor,sysinfo,,,"Oracle Corporation",1365274989564
java.vm.version,sysinfo,,,"23.7-b01",1365274989564
started,bundle,org.eclipse.jdt.apt.pluggable.core,1.0.400.v20110305-1450,"org.eclipse.jdt.apt.pluggable.core",1365274989574
started,bundle,org.eclipse.wst.dtd.core,1.1.501.v201107252021,"org.eclipse.wst.dtd.core",1365274989746
started,bundle,org.eclipse.jst.jsf.common,1.2.3.v201104061039,"org.eclipse.jst.jsf.common",1365274989776
started,bundle,org.eclipse.jst.jsf.core,1.3.105.v201108261005,"org.eclipse.jst.jsf.core",1365274989780
started,bundle,org.eclipse.wst.wsdl.validation,1.1.502.v201104071820,"org.eclipse.wst.wsdl.validation",1365274989815
started,bundle,org.eclipse.wst.xsd.core,1.1.600.v201104070312,"org.eclipse.wst.xsd.core",1365274989819
started,bundle,org.eclipse.wst.xsl.core,1.1.100.v201102270516,"org.eclipse.wst.xsl.core",1365274989824
started,bundle,org.eclipse.core.variables,3.2.500.v20110928-1503,"org.eclipse.core.variables",1365274990224
activated,workbench,org.eclipse.ui.workbench,3.7.1.v20120104-1859,"",1365275273983
activated,view,org.eclipse.ui.navigator.resources,3.4.300.v20110928-1505,"org.eclipse.ui.navigator.ProjectExplorer",1365275276553
started,bundle,org.eclipse.wst.ws.service.policy.ui,1.0.300.v201108240515,"org.eclipse.wst.ws.service.policy.ui",1365275277774
started,bundle,org.eclipse.wst.ws.service.policy,1.0.303.v201009221810,"org.eclipse.wst.ws.service.policy",1365275277775
started,bundle,org.eclipse.wst.command.env,1.0.409.v201004211805,"org.eclipse.wst.command.env",1365275277787
started,bundle,org.eclipse.wst.ws,1.1.203.v201004211805,"org.eclipse.wst.ws",1365275277788
started,bundle,org.eclipse.compare,3.5.202.R37x_v20111109-0800,"org.eclipse.compare",1365275277935
started,bundle,org.eclipse.jst.servlet.ui,1.1.502.v201202011054,"org.eclipse.jst.servlet.ui",1365275282844
started,bundle,org.eclipse.wst.common.environment,1.0.400.v200912181832,"org.eclipse.wst.common.environment",1365275282847
deactivated,workbench,org.eclipse.ui.workbench,3.7.1.v20120104-1859,"",1365275283025
error,log,,,"Unhandled event loop exception",1365275293069
error,log,,,"Unhandled event loop exception",1365275293314
error,log,,,"Unhandled event loop exception",1365275293835
error,log,,,"Unhandled event loop exception",1365275294039
error,log,,,"Unhandled event loop exception",1365275295462
error,log,,,"Unhandled event loop exception",1365275295598
error,log,,,"Unhandled event loop exception",1365275295737
error,log,,,"Unhandled event loop exception",1365275295850
error,log,,,"Unhandled event loop exception",1365275296317
error,log,,,"Unhandled event loop exception",1365275296486
error,log,,,"Unhandled event loop exception",1365275296650
error,log,,,"Unhandled event loop exception",1365275296756
error,log,,,"Unhandled event loop exception",1365275316160
error,log,,,"Unhandled event loop exception",1365275316473
error,log,,,"Unhandled event loop exception",1365275316695
error,log,,,"Unhandled event loop exception",1365275316975
error,log,,,"Unhandled event loop exception",1365275329180
error,log,,,"Unhandled event loop exception",1365275329721
error,log,,,"Unhandled event loop exception",1365275339723
error,log,,,"Unhandled event loop exception",1365275343891
error,log,,,"Unhandled event loop exception",1365275346449
activated,workbench,org.eclipse.ui.workbench,3.7.1.v20120104-1859,"",1365275364482
deactivated,workbench,org.eclipse.ui.workbench,3.7.1.v20120104-1859,"",1365275367601
activated,workbench,org.eclipse.ui.workbench,3.7.1.v20120104-1859,"",1365275386785
deactivated,workbench,org.eclipse.ui.workbench,3.7.1.v20120104-1859,"",1365275388200
activated,workbench,org.eclipse.ui.workbench,3.7.1.v20120104-1859,"",1365275495318
activated,editor,org.eclipse.jst.jsp.ui,1.1.602.v201112071516,"org.eclipse.jst.jsp.core.jspsource.source",1365275495358
activated,view,org.eclipse.wst.server.ui,1.3.0.v20120210_1439,"org.eclipse.wst.server.ui.ServersView",1365275496800
executed,command,org.eclipse.wst.server.ui,1.3.0.v20120210_1439,"org.eclipse.wst.server.run",1365275498471
started,bundle,org.eclipse.jst.server.tomcat.ui,1.1.200.v20100418,"org.eclipse.jst.server.tomcat.ui",1365275498506
started,bundle,org.eclipse.jdt.debug,3.7.1.v20111006_r372,"org.eclipse.jdt.debug",1365275498692
started,bundle,org.eclipse.jdt.debug.ui,3.6.1.v20111006_r372,"org.eclipse.jdt.debug.ui",1365275499165
opened,view,org.eclipse.ui.console,3.5.100.v20111007_r372,"org.eclipse.ui.console.ConsoleView",1365275500073
activated,view,org.eclipse.ui.console,3.5.100.v20111007_r372,"org.eclipse.ui.console.ConsoleView",1365275500086
started,bundle,org.eclipse.jst.jsf.facelet.ui,1.0.1.v201104032306,"org.eclipse.jst.jsf.facelet.ui",1365275500101
started,bundle,org.eclipse.jst.jsf.ui,1.3.2.v201104251204,"org.eclipse.jst.jsf.ui",1365275500104
activated,view,org.eclipse.wst.server.ui,1.3.0.v20120210_1439,"org.eclipse.wst.server.ui.ServersView",1365275505978
deactivated,workbench,org.eclipse.ui.workbench,3.7.1.v20120104-1859,"",1365275507823
activated,view,org.eclipse.ui.console,3.5.100.v20111007_r372,"org.eclipse.ui.console.ConsoleView",1365275531767
activated,workbench,org.eclipse.ui.workbench,3.7.1.v20120104-1859,"",1365275848641
activated,editor,org.eclipse.jst.jsp.ui,1.1.602.v201112071516,"org.eclipse.jst.jsp.core.jspsource.source",1365275973952
deactivated,workbench,org.eclipse.ui.workbench,3.7.1.v20120104-1859,"",1365275974355
started,bundle,org.eclipse.ltk.core.refactoring,3.5.201.r372_v20111101-0700,"org.eclipse.ltk.core.refactoring",1365275975928
started,bundle,org.eclipse.ltk.ui.refactoring,3.6.0.v20110928-1453,"org.eclipse.ltk.ui.refactoring",1365275976321
opened,editor,org.eclipse.jdt.ui,3.7.2.v20120109-1427,"org.eclipse.jdt.ui.CompilationUnitEditor",1365275976716
activated,editor,org.eclipse.jdt.ui,3.7.2.v20120109-1427,"org.eclipse.jdt.ui.CompilationUnitEditor",1365275976904
activated,workbench,org.eclipse.ui.workbench,3.7.1.v20120104-1859,"",1365275977015
deactivated,workbench,org.eclipse.ui.workbench,3.7.1.v20120104-1859,"",1365276212075
activated,workbench,org.eclipse.ui.workbench,3.7.1.v20120104-1859,"",1365276214202
deactivated,workbench,org.eclipse.ui.workbench,3.7.1.v20120104-1859,"",1365276215400
activated,workbench,org.eclipse.ui.workbench,3.7.1.v20120104-1859,"",1365276231702
opened,editor,org.eclipse.wst.css.ui,1.0.601.v201201101544,"org.eclipse.wst.css.core.csssource.source",1365276233545
activated,editor,org.eclipse.wst.css.ui,1.0.601.v201201101544,"org.eclipse.wst.css.core.csssource.source",1365276233629
activated,view,org.eclipse.ui.navigator.resources,3.4.300.v20110928-1505,"org.eclipse.ui.navigator.ProjectExplorer",1365276512078
started,bundle,org.eclipse.jst.ws.jaxws.dom.integration,1.0.101.v201201031437,"org.eclipse.jst.ws.jaxws.dom.integration",1365276512106
started,bundle,org.eclipse.jst.ws.jaxws.dom.ui,1.0.0.v201004171919,"org.eclipse.jst.ws.jaxws.dom.ui",1365276512110
started,bundle,org.eclipse.jst.j2ee.ejb,1.1.505.v201202020200,"org.eclipse.jst.j2ee.ejb",1365276512152
started,bundle,org.eclipse.jst.j2ee.jca,1.1.501.v201111030500,"org.eclipse.jst.j2ee.jca",1365276512157
started,bundle,org.eclipse.jst.jee.ejb,1.0.301.v201007070821,"org.eclipse.jst.jee.ejb",1365276512164
started,bundle,org.eclipse.jst.jee.web,1.0.301.v201007070907,"org.eclipse.jst.jee.web",1365276512167
started,bundle,org.eclipse.xsd,2.7.1.v20120130-0943,"org.eclipse.xsd",1365276512227
started,bundle,org.eclipse.pde.core,3.7.1.v20120103_r372,"org.eclipse.pde.core",1365276514870
deactivated,workbench,org.eclipse.ui.workbench,3.7.1.v20120104-1859,"",1365276518304
activated,workbench,org.eclipse.ui.workbench,3.7.1.v20120104-1859,"",1365277321240
executed,command,org.eclipse.ui,3.7.0.v20110928-1505,"org.eclipse.ui.file.refresh",1365277323549
opened,editor,org.eclipse.jst.jsp.ui,1.1.602.v201112071516,"org.eclipse.jst.jsp.core.jspsource.source",1365277394362
activated,editor,org.eclipse.jst.jsp.ui,1.1.602.v201112071516,"org.eclipse.jst.jsp.core.jspsource.source",1365277394420
activated,view,org.eclipse.ui.navigator.resources,3.4.300.v20110928-1505,"org.eclipse.ui.navigator.ProjectExplorer",1365277394445
opened,editor,org.eclipse.jdt.ui,3.7.2.v20120109-1427,"org.eclipse.jdt.ui.CompilationUnitEditor",1365277405707
activated,editor,org.eclipse.jdt.ui,3.7.2.v20120109-1427,"org.eclipse.jdt.ui.CompilationUnitEditor",1365277405777
activated,view,org.eclipse.ui.navigator.resources,3.4.300.v20110928-1505,"org.eclipse.ui.navigator.ProjectExplorer",1365277405814
activated,editor,org.eclipse.jdt.ui,3.7.2.v20120109-1427,"org.eclipse.jdt.ui.CompilationUnitEditor",1365277407150
started,bundle,org.eclipse.jdt.junit,3.7.0.v20110928-1453,"org.eclipse.jdt.junit",1365277413826
executed,command,org.eclipse.ui,3.7.0.v20110928-1505,"org.eclipse.ui.file.save",1365277416583
started,bundle,org.eclipse.pde.launching,3.6.0.v20110506,"org.eclipse.pde.launching",1365277418593
started,bundle,org.eclipse.ui.views.log,1.0.200.v20110404,"org.eclipse.ui.views.log",1365277418595
started,bundle,org.eclipse.pde.ui,3.6.100.v20120103_r372,"org.eclipse.pde.ui",1365277418598
executed,command,org.eclipse.ui.ide,3.7.0.v20110928-1505,"org.eclipse.jdt.ui.edit.text.java.correction.assist.proposals",1365277418886
executed,command,org.eclipse.ui.ide,3.7.0.v20110928-1505,"org.eclipse.jdt.ui.edit.text.java.correction.assist.proposals",1365277419638
deactivated,workbench,org.eclipse.ui.workbench,3.7.1.v20120104-1859,"",1365277422960
activated,workbench,org.eclipse.ui.workbench,3.7.1.v20120104-1859,"",1365277424131
started,bundle,org.eclipse.mylyn.ide.ui,3.6.0.v20110608-1400,"org.eclipse.mylyn.ide.ui",1365277442977
started,bundle,org.eclipse.jpt.jaxb.ui,1.1.2.v201201260000,"org.eclipse.jpt.jaxb.ui",1365277443011
started,bundle,org.eclipse.jpt.jpa.ui,3.0.2.v201201243020,"org.eclipse.jpt.jpa.ui",1365277443020
started,bundle,org.eclipse.jst.ws.jaxws.ui,1.0.100.v201104032053,"org.eclipse.jst.ws.jaxws.ui",1365277443034
started,bundle,org.eclipse.mylyn.java.ui,3.6.0.v20110608-1400,"org.eclipse.mylyn.java.ui",1365277443037
started,bundle,org.eclipse.pde.api.tools,1.0.301.v20111129-2053,"org.eclipse.pde.api.tools",1365277443104
started,bundle,org.eclipse.pde.api.tools.ui,1.0.301.v20110803_r371,"org.eclipse.pde.api.tools.ui",1365277443106
started,bundle,org.eclipse.jpt.jaxb.core,1.0.2.v201111103010,"org.eclipse.jpt.jaxb.core",1365277443265
executed,command,org.eclipse.ui,3.7.0.v20110928-1505,"org.eclipse.ui.edit.text.contentAssist.proposals",1365277443483
executed,command,org.eclipse.ui,3.7.0.v20110928-1505,"org.eclipse.ui.edit.text.contentAssist.proposals",1365277447988
executed,command,org.eclipse.ui,3.7.0.v20110928-1505,"org.eclipse.ui.file.save",1365277450640
executed,command,org.eclipse.jdt.ui,3.7.2.v20120109-1427,"org.eclipse.jdt.ui.edit.text.java.organize.imports",1365277470478
executed,command,org.eclipse.ui,3.7.0.v20110928-1505,"org.eclipse.ui.file.save",1365277573515
activated,view,org.eclipse.ui.navigator.resources,3.4.300.v20110928-1505,"org.eclipse.ui.navigator.ProjectExplorer",1365277595005
started,bundle,org.eclipse.mylyn.resources.ui,3.6.0.v20110608-1400,"org.eclipse.mylyn.resources.ui",1365277595025
deactivated,workbench,org.eclipse.ui.workbench,3.7.1.v20120104-1859,"",1365277607117
executed,command,org.eclipse.ui,3.7.0.v20110928-1505,"org.eclipse.ui.newWizard",1365277625336
activated,workbench,org.eclipse.ui.workbench,3.7.1.v20120104-1859,"",1365277625350
deactivated,workbench,org.eclipse.ui.workbench,3.7.1.v20120104-1859,"",1365277654019
activated,workbench,org.eclipse.ui.workbench,3.7.1.v20120104-1859,"",1365277684942
executed,command,org.eclipse.ui,3.7.0.v20110928-1505,"org.eclipse.ui.edit.paste",1365277691039
started,bundle,org.eclipse.wst.xsl.exslt.core,1.0.0.v201005240426,"org.eclipse.wst.xsl.exslt.core",1365277691184
started,bundle,org.eclipse.wst.internet.cache,1.0.400.v201004280700,"org.eclipse.wst.internet.cache",1365277691231
started,bundle,org.eclipse.equinox.p2.garbagecollector,1.0.200.v20110815-1419,"org.eclipse.equinox.p2.garbagecollector",1365277716533
started,bundle,org.eclipse.ui.views.properties.tabbed,3.5.200.v20110928-1505,"org.eclipse.ui.views.properties.tabbed",1365277730678
started,bundle,org.eclipse.jpt.common.ui,1.0.1.v201201260000,"org.eclipse.jpt.common.ui",1365277730681
started,bundle,org.eclipse.wst.xsl.ui,1.1.200.v201103082057,"org.eclipse.wst.xsl.ui",1365277730791
opened,editor,org.eclipse.jpt.jpa.ui,3.0.2.v201201243020,"org.eclipse.jpt.jpa.ui.internal.editors.PersistenceEditor",1365277730814
activated,editor,org.eclipse.jpt.jpa.ui,3.0.2.v201201243020,"org.eclipse.jpt.jpa.ui.internal.editors.PersistenceEditor",1365277730875
activated,view,org.eclipse.ui.navigator.resources,3.4.300.v20110928-1505,"org.eclipse.ui.navigator.ProjectExplorer",1365277730892
activated,editor,org.eclipse.jpt.jpa.ui,3.0.2.v201201243020,"org.eclipse.jpt.jpa.ui.internal.editors.PersistenceEditor",1365277732744
executed,command,org.eclipse.ui,3.7.0.v20110928-1505,"org.eclipse.ui.edit.text.contentAssist.proposals",1365277824192
executed,command,org.eclipse.ui,3.7.0.v20110928-1505,"org.eclipse.ui.edit.text.contentAssist.proposals",1365277848406
executed,command,org.eclipse.ui,3.7.0.v20110928-1505,"org.eclipse.ui.file.save",1365277865110
executed,command,org.eclipse.ui,3.7.0.v20110928-1505,"org.eclipse.ui.file.save",1365277900458
executed,command,org.eclipse.ui,3.7.0.v20110928-1505,"org.eclipse.ui.edit.text.contentAssist.proposals",1365277908582
executed,command,org.eclipse.ui,3.7.0.v20110928-1505,"org.eclipse.ui.edit.text.contentAssist.proposals",1365277926452
executed,command,org.eclipse.ui,3.7.0.v20110928-1505,"org.eclipse.ui.edit.text.contentAssist.proposals",1365277931965
executed,command,org.eclipse.ui,3.7.0.v20110928-1505,"org.eclipse.ui.edit.text.contentAssist.proposals",1365277934051
started,bundle,org.eclipse.mylyn.java.tasks,3.6.0.v20110608-1400,"org.eclipse.mylyn.java.tasks",1365277967538
executed,command,org.eclipse.ui,3.7.0.v20110928-1505,"org.eclipse.ui.edit.copy",1365277967554
executed,command,org.eclipse.ui,3.7.0.v20110928-1505,"org.eclipse.ui.edit.paste",1365277970732
executed,command,org.eclipse.ui,3.7.0.v20110928-1505,"org.eclipse.ui.edit.paste",1365277973593
executed,command,org.eclipse.ui,3.7.0.v20110928-1505,"org.eclipse.ui.edit.paste",1365277975571
executed,command,org.eclipse.ui,3.7.0.v20110928-1505,"org.eclipse.ui.file.save",1365278041314
executed,command,org.eclipse.ui,3.7.0.v20110928-1505,"org.eclipse.ui.edit.text.contentAssist.proposals",1365278049110
executed,command,org.eclipse.ui,3.7.0.v20110928-1505,"org.eclipse.ui.edit.undo",1365278064182
executed,command,org.eclipse.ui,3.7.0.v20110928-1505,"org.eclipse.ui.file.save",1365278069232
executed,command,org.eclipse.ui,3.7.0.v20110928-1505,"org.eclipse.ui.edit.text.contentAssist.proposals",1365278130980
executed,command,org.eclipse.ui,3.7.0.v20110928-1505,"org.eclipse.ui.edit.copy",1365278156024
executed,command,org.eclipse.ui,3.7.0.v20110928-1505,"org.eclipse.ui.edit.paste",1365278158525
executed,command,org.eclipse.ui,3.7.0.v20110928-1505,"org.eclipse.ui.edit.paste",1365278160250
executed,command,org.eclipse.ui,3.7.0.v20110928-1505,"org.eclipse.ui.file.save",1365278196584
executed,command,org.eclipse.ui,3.7.0.v20110928-1505,"org.eclipse.ui.file.save",1365278201221
activated,view,org.eclipse.ui.navigator.resources,3.4.300.v20110928-1505,"org.eclipse.ui.navigator.ProjectExplorer",1365278251508
activated,editor,org.eclipse.jdt.ui,3.7.2.v20120109-1427,"org.eclipse.jdt.ui.CompilationUnitEditor",1365278254277
executed,command,org.eclipse.ui.ide,3.7.0.v20110928-1505,"org.eclipse.jdt.ui.edit.text.java.correction.assist.proposals",1365278261249
deactivated,workbench,org.eclipse.ui.workbench,3.7.1.v20120104-1859,"",1365278262145
activated,workbench,org.eclipse.ui.workbench,3.7.1.v20120104-1859,"",1365278263144
deactivated,workbench,org.eclipse.ui.workbench,3.7.1.v20120104-1859,"",1365278263174
activated,workbench,org.eclipse.ui.workbench,3.7.1.v20120104-1859,"",1365278268535
deactivated,workbench,org.eclipse.ui.workbench,3.7.1.v20120104-1859,"",1365278288986
executed,command,org.eclipse.ui,3.7.0.v20110928-1505,"org.eclipse.ui.newWizard",1365278335073
activated,workbench,org.eclipse.ui.workbench,3.7.1.v20120104-1859,"",1365278335109
opened,editor,org.eclipse.jdt.ui,3.7.2.v20120109-1427,"org.eclipse.jdt.ui.CompilationUnitEditor",1365278335281
activated,editor,org.eclipse.jdt.ui,3.7.2.v20120109-1427,"org.eclipse.jdt.ui.CompilationUnitEditor",1365278335297
executed,command,org.eclipse.ui,3.7.0.v20110928-1505,"org.eclipse.ui.edit.text.contentAssist.proposals",1365278350995
executed,command,org.eclipse.ui,3.7.0.v20110928-1505,"org.eclipse.ui.file.save",1365278367396
executed,command,org.eclipse.jdt.ui,3.7.2.v20120109-1427,"org.eclipse.jdt.ui.edit.text.java.organize.imports",1365278368498
executed,command,org.eclipse.ui,3.7.0.v20110928-1505,"org.eclipse.ui.edit.text.contentAssist.proposals",1365278377263
executed,command,org.eclipse.ui,3.7.0.v20110928-1505,"org.eclipse.ui.edit.text.contentAssist.proposals",1365278380770
executed,command,org.eclipse.ui,3.7.0.v20110928-1505,"org.eclipse.ui.edit.text.contentAssist.proposals",1365278395631
executed,command,org.eclipse.ui,3.7.0.v20110928-1505,"org.eclipse.ui.edit.text.contentAssist.proposals",1365278417601
executed,command,org.eclipse.ui,3.7.0.v20110928-1505,"org.eclipse.ui.edit.text.contentAssist.proposals",1365278419889
executed,command,org.eclipse.ui,3.7.0.v20110928-1505,"org.eclipse.ui.file.save",1365278443085
executed,command,org.eclipse.jdt.ui,3.7.2.v20120109-1427,"org.eclipse.jdt.ui.edit.text.java.organize.imports",1365278444257
executed,command,org.eclipse.ui.ide,3.7.0.v20110928-1505,"org.eclipse.jdt.ui.edit.text.java.correction.assist.proposals",1365278446644
executed,command,org.eclipse.ui.ide,3.7.0.v20110928-1505,"org.eclipse.jdt.ui.edit.text.java.correction.assist.proposals",1365278450543
executed,command,org.eclipse.jdt.ui,3.7.2.v20120109-1427,"org.eclipse.jdt.ui.edit.text.java.organize.imports",1365278455795
executed,command,org.eclipse.jdt.ui,3.7.2.v20120109-1427,"org.eclipse.jdt.ui.edit.text.java.goto.matching.bracket",1365278455796
executed,command,org.eclipse.ui,3.7.0.v20110928-1505,"org.eclipse.ui.file.save",1365278474363
activated,editor,org.eclipse.jdt.ui,3.7.2.v20120109-1427,"org.eclipse.jdt.ui.CompilationUnitEditor",1365278508698
activated,editor,org.eclipse.jdt.ui,3.7.2.v20120109-1427,"org.eclipse.jdt.ui.CompilationUnitEditor",1365278517689
executed,command,org.eclipse.jdt.debug.ui,3.6.1.v20111006_r372,"org.eclipse.jdt.debug.ui.localJavaShortcut.run",1365278531940
deactivated,workbench,org.eclipse.ui.workbench,3.7.1.v20120104-1859,"",1365278532099
activated,workbench,org.eclipse.ui.workbench,3.7.1.v20120104-1859,"",1365278534221
activated,editor,org.eclipse.jdt.ui,3.7.2.v20120109-1427,"org.eclipse.jdt.ui.CompilationUnitEditor",1365278565518
executed,command,org.eclipse.ui.ide,3.7.0.v20110928-1505,"org.eclipse.jdt.ui.edit.text.java.correction.assist.proposals",1365278572475
deactivated,workbench,org.eclipse.ui.workbench,3.7.1.v20120104-1859,"",1365278574421
activated,workbench,org.eclipse.ui.workbench,3.7.1.v20120104-1859,"",1365278575438
deactivated,workbench,org.eclipse.ui.workbench,3.7.1.v20120104-1859,"",1365278575482
activated,workbench,org.eclipse.ui.workbench,3.7.1.v20120104-1859,"",1365278576666
opened,editor,org.eclipse.jdt.ui,3.7.2.v20120109-1427,"org.eclipse.jdt.ui.CompilationUnitEditor",1365278576830
activated,editor,org.eclipse.jdt.ui,3.7.2.v20120109-1427,"org.eclipse.jdt.ui.CompilationUnitEditor",1365278576854
activated,editor,org.eclipse.jdt.ui,3.7.2.v20120109-1427,"org.eclipse.jdt.ui.CompilationUnitEditor",1365278579522
activated,view,org.eclipse.ui.navigator.resources,3.4.300.v20110928-1505,"org.eclipse.ui.navigator.ProjectExplorer",1365278581153
activated,editor,org.eclipse.jdt.ui,3.7.2.v20120109-1427,"org.eclipse.jdt.ui.CompilationUnitEditor",1365278581267
activated,view,org.eclipse.ui.navigator.resources,3.4.300.v20110928-1505,"org.eclipse.ui.navigator.ProjectExplorer",1365278581291
deactivated,workbench,org.eclipse.ui.workbench,3.7.1.v20120104-1859,"",1365278585411
closed,editor,org.eclipse.jdt.ui,3.7.2.v20120109-1427,"org.eclipse.jdt.ui.CompilationUnitEditor",1365278587166
executed,command,org.eclipse.ui,3.7.0.v20110928-1505,"org.eclipse.ui.edit.delete",1365278587226
activated,workbench,org.eclipse.ui.workbench,3.7.1.v20120104-1859,"",1365278587241
activated,editor,org.eclipse.jdt.ui,3.7.2.v20120109-1427,"org.eclipse.jdt.ui.CompilationUnitEditor",1365278588445
activated,editor,org.eclipse.jpt.jpa.ui,3.0.2.v201201243020,"org.eclipse.jpt.jpa.ui.internal.editors.PersistenceEditor",1365278592471
activated,editor,org.eclipse.jdt.ui,3.7.2.v20120109-1427,"org.eclipse.jdt.ui.CompilationUnitEditor",1365278605112
executed,command,org.eclipse.jdt.ui,3.7.2.v20120109-1427,"org.eclipse.jdt.ui.edit.text.java.organize.imports",1365278612002
activated,view,org.eclipse.ui.navigator.resources,3.4.300.v20110928-1505,"org.eclipse.ui.navigator.ProjectExplorer",1365278666722
executed,command,org.eclipse.ui,3.7.0.v20110928-1505,"org.eclipse.ui.file.refresh",1365278684201
deactivated,workbench,org.eclipse.ui.workbench,3.7.1.v20120104-1859,"",1365278693667
activated,workbench,org.eclipse.ui.workbench,3.7.1.v20120104-1859,"",1365278722464
activated,editor,org.eclipse.jdt.ui,3.7.2.v20120109-1427,"org.eclipse.jdt.ui.CompilationUnitEditor",1365278722518
activated,view,org.eclipse.ui.navigator.resources,3.4.300.v20110928-1505,"org.eclipse.ui.navigator.ProjectExplorer",1365278725628
executed,command,org.eclipse.ui,3.7.0.v20110928-1505,"org.eclipse.ui.file.refresh",1365278726920
activated,editor,org.eclipse.jdt.ui,3.7.2.v20120109-1427,"org.eclipse.jdt.ui.CompilationUnitEditor",1365278730822
deactivated,workbench,org.eclipse.ui.workbench,3.7.1.v20120104-1859,"",1365278736198
executed,command,org.eclipse.jdt.ui,3.7.2.v20120109-1427,"org.eclipse.jdt.ui.edit.text.java.organize.imports",1365278738807
activated,workbench,org.eclipse.ui.workbench,3.7.1.v20120104-1859,"",1365278738839
executed,command,org.eclipse.ui,3.7.0.v20110928-1505,"org.eclipse.ui.file.save",1365278741701
activated,editor,org.eclipse.jdt.ui,3.7.2.v20120109-1427,"org.eclipse.jdt.ui.CompilationUnitEditor",1365278745699
deactivated,workbench,org.eclipse.ui.workbench,3.7.1.v20120104-1859,"",1365278748702
